Rk,Player,Tm▲,2022-23,2023-24,2024-25,2025-26,2026-27,2027-28,Guaranteed,-9999
1,Vit Krejci,ATL,$1563518,$1836096,$1988598,,,,$781759,krejcvi01
2,Aaron Holiday,ATL,$1836090,,,,,,$1836090,holidaa01
3,Frank Kaminsky,ATL,$1836090,,,,,,$1836090,kaminfr01
4,Jalen Johnson,ATL,$2792640,$2925360,$4510905,,,,$2792640,johnsja05
5,AJ Griffin,ATL,$3536160,$3712920,$3889920,$5967137,,,$7249080,griffaj01
6,Justin Holiday,ATL,$6292440,,,,,,$6292440,holidju01
7,Onyeka Okongwu,ATL,$6395160,$8109063,,,,,$6395160,okongon01
8,De'Andre Hunter,ATL,$9835881,,,,,,$9835881,huntede01
9,Dejounte Murray,ATL,$16571120,$17714000,,,,,$34285120,murrade01
10,Bogdan Bogdanović,ATL,$18000000,$18000000,,,,,$18000000,bogdabo01
11,Clint Capela,ATL,$18706896,$20616000,$22265280,,,,$61588176,capelca01
12,John Collins,ATL,$23500000,$25340000,$26580000,$26580000,,,$102000000,collijo01
13,Trae Young,ATL,$37096500,$40064220,$43031940,$45999660,$48967380,,$215159700,youngtr01
14,Demetrius Jackson,BOS,$92857,$92857,,,,,$185714,jacksde01
15,Sam Hauser,BOS,$1637966,$1927896,$2092344,,,,$5658206,hausesa01
16,Luke Kornet,BOS,$2133278,$2413304,,,,,$4546582,kornelu01
17,Payton Pritchard,BOS,$2239200,$4037277,,,,,$2239200,pritcpa01
18,Grant Williams,BOS,$4306281,,,,,,$4306281,willigr01
19,Danilo Gallinari,BOS,$16907880,$6802950,,,,,$13281950,gallida01
20,Robert Williams,BOS,$10937502,$11812501,$12687500,$13562499,,,$49000002,williro04
21,Derrick White,BOS,$16892857,$18107143,$19321429,,,,$54321429,whitede01
22,Marcus Smart,BOS,$17207142,$18583713,$19960284,$21336855,,,$77087994,smartma01
23,Malcolm Brogdon,BOS,$22600000,$22500000,$22500000,,,,$67600000,brogdma01
24,Al Horford,BOS,$26500000,,,,,,$19500000,horfoal01
25,Jaylen Brown,BOS,$28741071,$30723215,,,,,$59464286,brownja02
26,Jayson Tatum,BOS,$30351780,$32600060,$34848340,$37096620,,,$97800180,tatumja01
27,Kessler Edwards,BRK,$1637966,$1927896,,,,,$1637966,edwarke02
28,T.J. Warren,BRK,$1836090,,,,,,$1836090,warretj01
29,Edmond Sumner,BRK,$1968175,$2239943,,,,,$1968175,sumneed01
30,Day'Ron Sharpe,BRK,$2109480,$2210040,$3989122,,,,$2109480,sharpda01
31,Cam Thomas,BRK,$2138160,$2240160,$4041249,,,,$2138160,thomaca02
32,Jevon Carter,BRK,$6025000,$2239943,,,,,$3925000,carteje01
33,Patty Mills,BRK,$6479000,$6802950,,,,,$13281950,millspa02
34,Seth Curry,BRK,$8496653,,,,,,$8496653,curryse01
35,Nic Claxton,BRK,$8500000,$8750000,,,,,$17250000,claxtni01
36,Royce O'Neale,BRK,$9200000,$9500000,,,,,$11700000,onealro01
37,Joe Harris,BRK,$18642857,$19928571,,,,,$38571428,harrijo01
38,Ben Simmons,BRK,$35448672,$37893408,$40338144,,,,$113680224,simmobe01
39,Kyrie Irving,BRK,$36934550,,,,,,$36934550,irvinky01
40,Kevin Durant,BRK,$44119845,$47649433,$51179021,$54708609,,,$197656908,duranke01
41,Javon Freeman-Liberty,CHI,$1017781,,,,,,,freemja01
42,Ayo Dosunmu,CHI,$1563518,,,,,,,dosunay01
43,Marko Simonovic,CHI,$1563518,$1836096,,,,,$1563518,simonma01
44,Carlik Jones,CHI,$1637966,,,,,,$1637966,jonesca03
45,Javonte Green,CHI,$1815677,,,,,,$1815677,greenja02
46,Tony Bradley,CHI,$2036318,,,,,,$2036318,bradlto01
47,Dalen Terry,CHI,$3191400,$3350760,$3510480,$5399118,,,$6542160,terryda01
48,Derrick Jones Jr.,CHI,$3200000,$3360000,,,,,$3200000,jonesde02
49,Andre Drummond,CHI,$3200000,$3360000,,,,,$6560000,drumman01
50,Coby White,CHI,$7413955,,,,,,$7413955,whiteco01
51,Patrick Williams,CHI,$7775400,$9835881,,,,,$7775400,willipa01
52,Alex Caruso,CHI,$9030000,$9460000,$9890000,,,,$28380000,carusal01
53,Lonzo Ball,CHI,$19534884,$20465117,$21395348,,,,$40000001,balllo01
54,Nikola Vučević,CHI,$22000000,,,,,,$22000000,vucevni01
55,DeMar DeRozan,CHI,$27300000,$28600000,,,,,$55900000,derozde01
56,Zach LaVine,CHI,$37096500,$40064220,$43031940,$45999660,$48967380,,$166192320,lavinza01
57,JT Thor,CHO,$1563518,$1836096,$1988598,,,,$1563518,thorjt01
58,Nick Richards,CHO,$1782621,,,,,,,richani01
59,Jalen McDaniels,CHO,$1930681,,,,,,$1930681,mcdanja01
60,Kai Jones,CHO,$2909040,$3047880,$4693735,,,,$2909040,joneska01
61,Mark Williams,CHO,$3722040,$3908160,$4094280,$6276531,,,$7630200,willima07
62,James Bouknight,CHO,$4362240,$4570080,$6064496,,,,$4362240,bouknja01
63,P.J. Washington,CHO,$5808435,,,,,,$5808435,washipj01
64,Cody Martin,CHO,$7000000,$7560000,$8120000,$8680000,,,$22680000,martico01
65,LaMelo Ball,CHO,$8623920,$10900635,,,,,$8623920,ballla01
66,Nicolas Batum,CHO,$19700319,$11710818,,,,,$8856969,batumni01
67,Mason Plumlee,CHO,$9080417,,,,,,$9080417,plumlma01
68,Kelly Oubre Jr.,CHO,$12600000,,,,,,$5000000,oubreke01
69,Terry Rozier,CHO,$21486316,$23205221,$24924126,$26643031,,,$96258694,roziete01
70,Gordon Hayward,CHO,$30075000,$31500000,,,,,$61575000,haywago01
71,Lamar Stevens,CLE,$1782621,$1930681,,,,,,stevela01
72,Raul Neto,CLE,$1836090,,,,,,$1836090,netora01
73,Robin Lopez,CLE,$1836090,,,,,,$1836090,lopezro01
74,Dean Wade,CLE,$1930681,,,,,,$1930681,wadede01
75,Dylan Windler,CLE,$4037278,,,,,,$4037278,windldy01
76,Ricky Rubio,CLE,$5853659,$6146342,$6439025,,,,$16250001,rubiori01
77,Isaac Okoro,CLE,$7040880,$8920795,,,,,$7040880,okorois01
78,Cedi Osman,CLE,$7426088,$6718842,,,,,$7426088,osmande01
79,Evan Mobley,CLE,$8478720,$8882640,$11227657,,,,$8478720,mobleev01
80,Darius Garland,CLE,$8920795,$33250000,$35910000,$38570000,$41230000,$43890000,$201770795,garlada01
81,Caris LeVert,CLE,$18796296,,,,,,$18796296,leverca01
82,Jarrett Allen,CLE,$20000000,$20000000,$20000000,$20000000,,,$80000000,allenja01
83,Kevin Love,CLE,$28942830,,,,,,$28942830,loveke01
84,Donovan Mitchell,CLE,$30351780,$32600060,$34848340,$37096620,,,$97800180,mitchdo01
85,Jaden Hardy,DAL,$1017781,$1719864,$2019699,,,,$3137645,hardyja02
86,Tyler Hall,DAL,$1637966,,,,,,,hallty01
87,McKinley Wright IV,DAL,$1637966,,,,,,,wrighmc01
88,Tyrell Terry,DAL,$1782621,,,,,,$1782621,terryty01
89,Theo Pinson,DAL,$1836090,,,,,,$1836090,pinsoth01
90,Frank Ntilikina,DAL,$2036318,,,,,,,ntilila01
91,Josh Green,DAL,$3098400,$4765339,,,,,$3098400,greenjo02
92,JaVale McGee,DAL,$5461219,$5734280,$6007341,,,,$17202840,mcgeeja01
93,Maxi Kleber,DAL,$9000000,,,,,,,klebima01
94,Reggie Bullock,DAL,$10012800,$10489600,,,,,$15464000,bullore01
95,Dwight Powell,DAL,$11080125,,,,,,$11080125,poweldw01
96,Dorian Finney-Smith,DAL,$12402000,$13394160,$14386320,$15378480,,,$40182480,finnedo01
97,Christian Wood,DAL,$14317459,,,,,,$14317459,woodch01
98,Dāvis Bertāns,DAL,$16000000,$17000000,$16000000,,,,$44000000,bertada01
99,Tim Hardaway Jr.,DAL,$19602273,$17897728,$16193183,,,,$53693184,hardati02
100,Spencer Dinwiddie,DAL,$20171427,$21028570,,,,,$30171427,dinwisp01
101,Luka Dončić,DAL,$37096500,$40064220,$43031940,$45999660,$48967380,,$215159700,doncilu01
102,Kellan Grady,DEN,$1017781,,,,,,,gradyke01
103,Adonis Arms,DEN,$1017781,,,,,,,armsad01
104,DeAndre Jordan,DEN,$9663997,,,,,,$1836090,jordade01
105,Davon Reed,DEN,$1902133,$2066585,,,,,$3968718,reedda01
106,Peyton Watson,DEN,$2193960,$2303520,$2413560,$4356476,,,$4497480,watsope01
107,Bones Hyland,DEN,$2201520,$2306400,$4158439,,,,$2201520,hylanbo01
108,Vlatko Čančar,DEN,$2234359,$2234359,$2346606,,,,$4468718,cancavl01
109,Zeke Nnaji,DEN,$2617800,$4306281,,,,,$2617800,nnajize01
110,Christian Braun,DEN,$2808600,$2949120,$3089640,$4921797,,,$5757720,braunch01
111,Jeff Green,DEN,$4500000,,,,,,$4500000,greenje02
112,Ish Smith,DEN,$4725000,,,,,,$4725000,smithis01
113,Bruce Brown,DEN,$6479000,$6802950,,,,,$6479000,brownbr01
114,Kentavious Caldwell-Pope,DEN,$14004703,$14704938,$15440185,,,,$19593056,caldwke01
115,Aaron Gordon,DEN,$19690909,$21266182,$22841455,$22841455,,,$63798546,gordoaa01
116,Michael Porter Jr.,DEN,$30913750,$33386850,$35859950,$38333050,$40806150,,$150493600,portemi01
117,Jamal Murray,DEN,$31650600,$33833400,$36016200,,,,$101500200,murraja01
118,Nikola Jokić,DEN,$33047803,$46550000,$50274000,$53998000,$57722000,$61446000,$241591803,jokicni01
119,Isaiah Livers,DET,$1563518,$1836096,,,,,$1563518,liveris01
120,Rodney McGruder,DET,$1836090,,,,,,$1836090,mcgruro01
121,Dewayne Dedmon,DET,$7566667,$7190667,$2866667,,,,$8600001,dedmode01
122,Saddiq Bey,DET,$2959080,$4556983,,,,,$7516063,beysa01
123,Kevin Knox,DET,$3000000,$3000000,,,,,$3000000,knoxke01
124,Isaiah Stewart,DET,$3433320,$5266713,,,,,$8700033,stewais01
125,Jalen Duren,DET,$4124280,$4330680,$4536840,$6483144,,,$8454960,durenja01
126,Cory Joseph,DET,$5155500,,,,,,$5155500,josepco01
127,Hamidou Diallo,DET,$5200000,,,,,,$5200000,diallha01
128,Killian Hayes,DET,$5837760,$7413955,,,,,$13251715,hayeski01
129,Jaden Ivey,DET,$7252200,$7614480,$7977240,$10107163,,,$14866680,iveyja01
130,DeAndre Jordan,DET,$9663997,,,,,,$7827907,jordade01
131,Kemba Walker,DET,$9165471,,,,,,$9165471,walkeke02
132,Nerlens Noel,DET,$9240000,$9680000,,,,,$9240000,noelne01
133,Alec Burks,DET,$10012800,$10489600,,,,,$10012800,burksal01
134,Cade Cunningham,DET,$10552800,$11055360,$13940809,,,,$21608160,cunnica01
135,Marvin Bagley III,DET,$12500000,$12500000,$12500000,,,,$37500000,baglema01
136,Bojan Bogdanović,DET,$19550000,,,,,,$19550000,bogdabo02
137,Mac McClung,GSW,$1637966,,,,,,,mccluma01
138,JaMychal Green,GSW,$10036090,,,,,,$1836090,greenja01
139,Patrick Baldwin Jr.,GSW,$2226000,$2337720,$2448840,$4420156,,,$4563720,baldwpa01
140,Moses Moody,GSW,$3740160,$3918480,$5803269,,,,$3740160,moodymo01
141,Jordan Poole,GSW,$3901399,,,,,,$3901399,poolejo01
142,Donte DiVincenzo,GSW,$4500000,$4725000,,,,,$4500000,divindo01
143,Jonathan Kuminga,GSW,$5739840,$6012840,$7636307,,,,$5739840,kuminjo01
144,Kevon Looney,GSW,$8000000,$8500000,$9000000,,,,$25500000,looneke01
145,James Wiseman,GSW,$9603360,$12119440,,,,,$9603360,wisemja01
146,Draymond Green,GSW,$25806468,$27586224,,,,,$25806468,greendr01
147,Andrew Wiggins,GSW,$33616770,,,,,,$33616770,wiggian01
148,Klay Thompson,GSW,$40600080,$43219440,,,,,$83819520,thompkl01
149,Stephen Curry,GSW,$48070014,$51915615,$55761216,$59606817,,,$215353662,curryst01
150,Troy Williams,HOU,$122741,,,,,,$122741,willitr02
151,D.J. Augustin,HOU,$333333,,,,,,$333333,augusdj01
152,Daishen Nix,HOU,$1563518,$1836096,$1988598,,,,$1563518,nixda01
153,Kenyon Martin Jr.,HOU,$1782621,$1930681,,,,,,martike04
154,Bruno Fernando,HOU,$1836090,,,,,,,fernabr01
155,Garrison Mathews,HOU,$2000000,$2000000,$2230253,,,,,mathega01
156,Marquese Chriss,HOU,$2193920,,,,,,$2193920,chrisma01
157,TyTy Washington Jr.,HOU,$2210040,$2320440,$2431080,$4388099,,,$4530480,washity02
158,Josh Christopher,HOU,$2372160,$2485200,$4346615,,,,$2372160,chrisjo01
159,Usman Garuba,HOU,$2471160,$2588400,$4392515,,,,$2471160,garubus01
160,Sterling Brown,HOU,$3000000,,,,,,$3000000,brownst02
161,Kevin Porter Jr.,HOU,$3217631,,,,,,$3217631,porteke02
162,Tari Eason,HOU,$3359160,$3527160,$3695160,$5675766,,,$6886320,easonta01
163,Alperen Şengün,HOU,$3375360,$3536280,$5424654,,,,$3375360,sengual01
164,Trey Burke,HOU,$3423750,,,,,,$3423750,burketr01
165,Boban Marjanović,HOU,$3500000,,,,,,$3500000,marjabo01
166,David Nwaba,HOU,$5022000,$5394000,,,,,$5022000,nwabada01
167,Jae'Sean Tate,HOU,$7065217,$6500000,$7065217,,,,$13565217,tateja01
168,Jabari Smith Jr.,HOU,$8882640,$9326520,$9770880,$12350392,,,$18209160,smithja05
169,Jalen Green,HOU,$9441840,$9891480,$12483048,,,,$9441840,greenja05
170,Eric Gordon,HOU,$19568360,$20917902,,,,,$19568360,gordoer01
171,John Wall,HOU,$47345760,$6802950,,,,,$40866760,walljo01
172,Malik Fitts,IND,$555217,$555217,$555216,,,,$1665650,fittsma01
173,Juwan Morgan,IND,$576230,$576230,$576229,,,,$1728689,morgaju01
174,Nik Stauskas,IND,$702311,$702311,$702310,,,,$2106932,stausni01
175,Terry Taylor,IND,$1563518,$1836096,,,,,$625000,taylote01
176,Deividas Sirvydis,IND,$1782621,,,,,,,sirvyde01
177,Oshae Brissett,IND,$1846738,,,,,,,brissos01
178,Isaiah Jackson,IND,$2573760,$2696280,$4435381,,,,$2573760,jacksis01
179,Aaron Nesmith,IND,$3804360,$5634257,,,,,$3804360,nesmiaa01
180,Chris Duarte,IND,$3936960,$4124400,$5893768,,,,$3936960,duartch01
181,Tyrese Haliburton,IND,$4215120,$5808435,,,,,$4215120,halibty01
182,Jalen Smith,IND,$4670160,$5043773,$5417386,,,,$9713933,smithja04
183,Goga Bitadze,IND,$4765339,,,,,,$4765339,bitadgo01
184,Bennedict Mathurin,IND,$6586800,$6916080,$7245720,$9187573,,,$13502880,mathube01
185,T.J. McConnell,IND,$8100000,$8700000,$9300000,,,,$21800000,mccontj01
186,Daniel Theis,IND,$8694369,$9108387,$9522405,,,,$17802756,theisda01
187,Myles Turner,IND,$18000000,,,,,,$18000000,turnemy01
188,Buddy Hield,IND,$21177750,$19279841,,,,,$40457591,hieldbu01
189,Brandon Boston Jr.,LAC,$1563518,$1836096,,,,,$1563518,bostobr01
190,Jason Preston,LAC,$1563518,$1836096,,,,,$1563518,prestja01
191,Xavier Moon,LAC,$1637966,,,,,,,moonxa01
192,Moses Brown,LAC,$1836090,,,,,,,brownmo01
193,Terance Mann,LAC,$1930681,$10576923,$11423077,,,,$23930681,mannte01
194,Amir Coffey,LAC,$3395062,$3666667,$3938271,,,,$11000000,coffeam01
195,John Wall,LAC,$47345760,$6802950,,,,,$13281950,walljo01
196,Ivica Zubac,LAC,$10123457,$10933333,$11743210,,,,$32800000,zubaciv01
197,Nicolas Batum,LAC,$19700319,$11710818,,,,,$22554168,batumni01
198,Reggie Jackson,LAC,$11215260,,,,,,$11215260,jacksre01
199,Robert Covington,LAC,$12307692,$11692308,,,,,$24000000,covinro01
200,Luke Kennard,LAC,$14415545,$15418363,$15418363,,,,$29833908,kennalu01
201,Marcus Morris,LAC,$16372093,$17116279,,,,,$33488372,morrima03
202,Norman Powell,LAC,$16758621,$18000000,$19241379,$20482758,,,$74482758,powelno01
203,Paul George,LAC,$42492492,$45640084,$48787676,,,,$88132576,georgpa01
204,Kawhi Leonard,LAC,$42492492,$45640084,$48787676,,,,$88132576,leonaka01
205,Max Christie,LAL,$1017781,$1719864,,,,,$2737645,chrisma02
206,Austin Reaves,LAL,$1563518,,,,,,,reaveau01
207,Jay Huff,LAL,$1637966,,,,,,,huffja01
208,Juan Toscano-Anderson,LAL,$1836090,,,,,,$1836090,toscaju01
209,Troy Brown Jr.,LAL,$1836090,,,,,,$1836090,browntr01
210,Thomas Bryant,LAL,$1836090,,,,,,$1836090,bryanth01
211,Wenyen Gabriel,LAL,$1878720,,,,,,,gabriwe01
212,Damian Jones,LAL,$2298385,$2586665,,,,,$2298385,jonesda03
213,Kendrick Nunn,LAL,$5250000,,,,,,$5250000,nunnke01
214,Lonnie Walker IV,LAL,$6479000,,,,,,$6479000,walkelo01
215,Patrick Beverley,LAL,$13000000,,,,,,$13000000,beverpa01
216,Anthony Davis,LAL,$37980720,$40600080,$43219440,,,,$78580800,davisan02
217,LeBron James,LAL,$44474988,,,,,,$44474988,jamesle01
218,Russell Westbrook,LAL,$47063478,,,,,,$47063478,westbru01
219,Kennedy Chandler,MEM,$1200000,$1719864,$2019699,$2187451,,,$7127014,chandke01
220,Xavier Tillman Sr.,MEM,$1782621,$1930681,,,,,$1782621,tillmxa01
221,Killian Tillie,MEM,$1901625,,,,,,$1901625,tilliki02
222,Santi Aldama,MEM,$2094120,$2194200,$3960531,,,,$2094120,aldamsa01
223,Desmond Bane,MEM,$2130240,$3845083,,,,,$2130240,banede01
224,John Konchar,MEM,$2300000,$2400000,$6165000,$6165000,$6165000,,$21735000,konchjo01
225,David Roddy,MEM,$2588640,$2718240,$2847240,$4831766,,,$5306880,roddyda01
226,Jake LaRavia,MEM,$3047640,$3199920,$3352680,$5163127,,,$6247560,laravja01
227,Brandon Clarke,MEM,$4343920,,,,,,$4343920,clarkbr01
228,Ziaire Williams,MEM,$4591680,$4810200,$6133005,,,,$4591680,willizi02
229,Danny Green,MEM,$10000000,,,,,,,greenda02
230,Dillon Brooks,MEM,$11400000,,,,,,$11400000,brookdi01
231,Ja Morant,MEM,$12119440,$33250000,$35910000,$38570000,$41230000,$43890000,$204969440,moranja01
232,Tyus Jones,MEM,$15000000,$14000000,,,,,$29000000,jonesty01
233,Steven Adams,MEM,$17926829,,,,,,$17926829,adamsst01
234,Jaren Jackson Jr.,MEM,$28946605,$27102202,$25257798,$23413395,,,$104720000,jacksja02
235,Orlando Robinson,MIA,$1017781,,,,,,,robinor01
236,Omer Yurtseven,MIA,$1752638,,,,,,,yurtsom01
237,Haywood Highsmith,MIA,$1752638,$1902137,,,,,,highsha01
238,Gabe Vincent,MIA,$1815677,,,,,,,vincega01
239,Max Strus,MIA,$1815677,,,,,,,strusma01
240,Nikola Jović,MIA,$2239920,$2352000,$2464200,$4445417,,,$4591920,jovicni01
241,Dewayne Dedmon,MIA,$7566667,$7190667,$2866667,,,,$4700000,dedmode01
242,Tyler Herro,MIA,$5722116,,,,,,$5722116,herroty01
243,Caleb Martin,MIA,$6479000,$6802950,$7126900,,,,$20408850,martica02
244,Victor Oladipo,MIA,$8750000,$9450000,,,,,$8750000,oladivi01
245,Duncan Robinson,MIA,$16902000,$18154000,$19406000,$19888000,,,$64350000,robindu01
246,Kyle Lowry,MIA,$28333334,$29682540,,,,,$58015874,lowryky01
247,Bam Adebayo,MIA,$30351780,$32600060,$34848340,$37096620,,,$134896800,adebaba01
248,Jimmy Butler,MIA,$37653300,$45183960,$48798677,$52413394,,,$131635937,butleji01
249,Lindell Wigginton,MIL,$1637966,,,,,,,wiggili01
250,Luca Vildoza,MIL,$1836090,,,,,,,vildolu01
251,Wesley Matthews,MIL,$1836090,,,,,,$1836090,matthwe02
252,Serge Ibaka,MIL,$1836090,,,,,,$1836090,ibakase01
253,Thanasis Antetokounmpo,MIL,$1878720,,,,,,$1878720,antetth01
254,Jevon Carter,MIL,$6025000,$2239943,,,,,$2100000,carteje01
255,MarJon Beauchamp,MIL,$2485200,$2609400,$2733720,$4781276,,,$5094600,beaucma01
256,George Hill,MIL,$4000000,,,,,,$4000000,hillge01
257,Pat Connaughton,MIL,$5728393,$9423869,$9423869,$9423869,,,$34000000,connapa01
258,Joe Ingles,MIL,$6479000,,,,,,$6479000,inglejo01
259,Grayson Allen,MIL,$8500000,$8500000,,,,,$17000000,allengr01
260,Bobby Portis,MIL,$10843350,$11710818,$12578286,$13445754,,,$35132454,portibo01
261,Brook Lopez,MIL,$13906976,,,,,,$13906976,lopezbr01
262,Jrue Holiday,MIL,$33665040,$36158747,$38652454,,,,$69823787,holidjr01
263,Khris Middleton,MIL,$37948276,$40396552,,,,,$37948276,middlkh01
264,Giannis Antetokounmpo,MIL,$42492492,$45640084,$48787676,$51935268,,,$136920252,antetgi01
265,Wendell Moore Jr.,MIN,$230620,$2421720,$2537040,$4574283,,,$2652340,moorewe01
266,CJ Elleby,MIN,$1836090,,,,,,,ellebcj01
267,Nathan Knight,MIN,$1836090,$1997238,,,,,$350000,knighna01
268,Austin Rivers,MIN,$1836090,,,,,,$650000,riverau01
269,Bryn Forbes,MIN,$1836090,,,,,,$1836090,forbebr01
270,Jaylen Nowell,MIN,$1930681,,,,,,,nowelja01
271,Naz Reid,MIN,$1930681,,,,,,,reidna01
272,Jordan McLaughlin,MIN,$2160000,$2320000,,,,,$2160000,mclaujo01
273,Jaden McDaniels,MIN,$2161440,$3901399,,,,,$2161440,mcdanja02
274,Taurean Prince,MIN,$7295000,$7650000,,,,,$14945000,princta02
275,Kyle Anderson,MIN,$8780488,$9219512,,,,,$18000000,anderky01
276,Anthony Edwards,MIN,$10733400,$13534817,,,,,$10733400,edwaran01
277,D'Angelo Russell,MIN,$31377750,,,,,,$31377750,russeda01
278,Karl-Anthony Towns,MIN,$33833400,$36016200,$48877500,$52787700,$56697900,$60608100,$228212700,townska01
279,Rudy Gobert,MIN,$38172414,$41000000,$43827586,$46655172,,,$123000000,goberru01
280,Jose Alvarado,NOP,$1563518,$1836096,$1988598,,,,$1563518,alvarjo01
281,Naji Marshall,NOP,$1782621,$1930681,,,,,,marshna01
282,Herbert Jones,NOP,$1785000,$1836096,,,,,$1785000,joneshe01
283,Willy Hernangómez,NOP,$2443581,$2559942,,,,,$2443581,hernawi01
284,Trey Murphy III,NOP,$3206520,$3359280,$5159854,,,,$3206520,murphtr02
285,Kira Lewis Jr.,NOP,$4004280,$5722116,,,,,$4004280,lewiski01
286,Garrett Temple,NOP,$5155500,$5401000,,,,,$5155500,templga01
287,Dyson Daniels,NOP,$5508600,$5784120,$6059520,$7707709,,,$11292720,daniedy01
288,Jaxson Hayes,NOP,$6803012,,,,,,$6803012,hayesja02
289,Larry Nance Jr.,NOP,$9672727,,,,,,$9672727,nancela02
290,Devonte' Graham,NOP,$11550000,$12100000,$12650000,,,,$26500000,grahade01
291,Zion Williamson,NOP,$13534817,$33250000,$35910000,$38570000,$41230000,$43890000,$206384817,willizi01
292,Jonas Valančiūnas,NOP,$14700000,$15435000,,,,,$30135000,valanjo01
293,Brandon Ingram,NOP,$31650600,$33833400,$36016200,,,,$101500200,ingrabr01
294,CJ McCollum,NOP,$33333333,$35802469,,,,,$69135802,mccolcj01
295,Miles McBride,NYK,$1563518,$1836096,,,,,$1563518,mcbrimi01
296,Jericho Sims,NYK,$1639842,$1927896,$2092344,,,,$2239842,simsje01
297,Quentin Grimes,NYK,$2277000,$2385720,$4296682,,,,$2277000,grimequ01
298,Immanuel Quickley,NYK,$2316240,$4171548,,,,,$2316240,quickim01
299,Obi Toppin,NYK,$5348280,$6803012,,,,,$5348280,toppiob01
300,Cam Reddish,NYK,$5954454,,,,,,$5954454,reddica01
301,Isaiah Hartenstein,NYK,$7804879,$8195121,,,,,$16000000,harteis01
302,RJ Barrett,NYK,$10900635,,,,,,$10900635,barrerj01
303,Derrick Rose,NYK,$14520730,$15596339,,,,,$14520730,rosede01
304,Mitchell Robinson,NYK,$17045454,$15681818,$14318182,$12954546,,,$60000000,robinmi01
305,Evan Fournier,NYK,$18000000,$18857143,$19000000,,,,$55857143,fournev01
306,Julius Randle,NYK,$23760000,$25660800,$27561600,$29462400,,,$76982400,randlju01
307,Jalen Brunson,NYK,$27733332,$26346666,$24960001,$24960001,,,$79039999,brunsja01
308,Kyle Singler,OKC,$999200,,,,,,$999200,singlky01
309,Aaron Wiggins,OKC,$1563518,$1836096,$1988598,,,,,wiggiaa01
310,Théo Maledon,OKC,$1900000,$1930681,,,,,,maledth01
311,Jeremiah Robinson-Earl,OKC,$2000000,$1900000,$1988598,,,,$2000000,robinje02
312,Kenrich Williams,OKC,$2000000,$6175000,$6669000,$7163000,$7163000,,$20007000,willike04
313,Tre Mann,OKC,$3046200,$3191400,$4908373,,,,$3046200,manntr01
314,Aleksej Pokusevski,OKC,$3261480,$5009633,,,,,$3261480,pokusal01
315,Mike Muscala,OKC,$3500000,$3500000,,,,,$3500000,muscami01
316,Ty Jerome,OKC,$4220057,,,,,,$4220057,jeromty01
317,Darius Bazley,OKC,$4264629,,,,,,$4264629,bazleda01
318,Jalen Williams,OKC,$4341480,$4558680,$4775760,$6580997,,,$8900160,willija06
319,Maurice Harkless,OKC,$4564980,,,,,,$4564980,harklma01
320,Ousmane Dieng,OKC,$4569840,$4798440,$5027040,$6670882,,,$9368280,diengou01
321,Josh Giddey,OKC,$6287400,$6587040,$8352367,,,,$6287400,giddejo01
322,JaMychal Green,OKC,$10036090,,,,,,$8200000,greenja01
323,Chet Holmgren,OKC,$9891240,$10386000,$10880640,$13731368,,,$20277240,holmgch01
324,Derrick Favors,OKC,$10183800,,,,,,$10183800,favorde01
325,Luguentz Dort,OKC,$15277778,$15277778,$16500000,$17722222,$17722222,,$64777778,dortlu01
326,Kemba Walker,OKC,$9165471,,,,,,$27431078,walkeke02
327,Shai Gilgeous-Alexander,OKC,$30913750,$33386850,$35859950,$38333050,$40806150,,$179299750,gilgesh01
328,Devin Cannady,ORL,$1752638,$1902137,,,,,,cannade01
329,Moritz Wagner,ORL,$1878720,,,,,,,wagnemo01
330,Caleb Houstan,ORL,$2000000,$2000000,$2019699,$2187699,,,$4000000,houstca01
331,Bol Bol,ORL,$2200000,$2200000,,,,,$2200000,bolbo01
332,R.J. Hampton,ORL,$2412840,$4220057,,,,,$2412840,hamptrj01
333,Chuma Okeke,ORL,$3433320,$5266713,,,,,$3433320,okekech01
334,Cole Anthony,ORL,$3613680,$5539771,,,,,$3613680,anthoco01
335,Franz Wagner,ORL,$5258280,$5508720,$7007092,,,,$5258280,wagnefr01
336,Jalen Suggs,ORL,$6922320,$7252080,$9188385,,,,$6922320,suggsja01
337,Mo Bamba,ORL,$10300000,$10300000,,,,,$10300000,bambamo01
338,Paolo Banchero,ORL,$11055120,$11608080,$12160800,$15334769,,,$22663200,banchpa01
339,Terrence Ross,ORL,$11500000,,,,,,$11500000,rosste01
340,Gary Harris,ORL,$13000000,$13000000,,,,,$13000000,harriga01
341,Wendell Carter Jr.,ORL,$14150000,$13050000,$11950000,$10850000,,,$50000000,cartewe01
342,Markelle Fultz,ORL,$16500000,$17000000,,,,,$18500000,fultzma01
343,Jonathan Isaac,ORL,$17400000,$17400000,$17400000,,,,$23400000,isaacjo01
344,Michael Foster Jr.,PHI,$1017781,,,,,,,fostemi02
345,Charles Bassey,PHI,$1563518,$1836096,,,,,$74742,bassech01
346,Trevelin Queen,PHI,$1637966,$1927896,,,,,$330000,queentr01
347,Paul Reed,PHI,$1782621,,,,,,,reedpa01
348,Isaiah Joe,PHI,$1782621,,,,,,,joeis01
349,Shake Milton,PHI,$1997718,,,,,,$1997718,miltosh01
350,Jaden Springer,PHI,$2125200,$2226240,$4018363,,,,$2125200,sprinja01
351,Tyrese Maxey,PHI,$2726880,$4343920,,,,,$2726880,maxeyty01
352,Georges Niang,PHI,$3465000,,,,,,$3465000,niangge01
353,Danuel House Jr.,PHI,$4105000,$4310250,,,,,$4105000,houseda01
354,Matisse Thybulle,PHI,$4379527,,,,,,$4379527,thybuma01
355,Furkan Korkmaz,PHI,$5000000,$5370370,,,,,$10370370,korkmfu01
356,De'Anthony Melton,PHI,$8250000,$8000000,,,,,$9750000,meltode01
357,P.J. Tucker,PHI,$10490000,$11014500,$11539000,,,,$21504500,tuckepj01
358,James Harden,PHI,$33000000,$35640000,,,,,$33000000,hardeja01
359,Joel Embiid,PHI,$33616770,$46550000,$50274000,$53998000,$57722000,,$184438770,embiijo01
360,Tobias Harris,PHI,$37633050,$39270150,,,,,$76903200,harrito02
361,Jock Landale,PHO,$1563518,,,,,,$46120,landajo01
362,Damion Lee,PHO,$1836090,,,,,,$1836090,leeda03
363,Josh Okogie,PHO,$1836090,,,,,,$1836090,okogijo01
364,Bismack Biyombo,PHO,$1836090,,,,,,$1836090,biyombi01
365,Torrey Craig,PHO,$5121951,,,,,,$5121951,craigto01
366,Cameron Johnson,PHO,$5887899,,,,,,$5887899,johnsca02
367,Cameron Payne,PHO,$6000000,$6500000,,,,,$8000000,payneca01
368,Dario Šarić,PHO,$9240000,,,,,,$9240000,saricda01
369,Landry Shamet,PHO,$9500000,$10250000,$11000000,$11750000,,,$42500000,shamela01
370,Jae Crowder,PHO,$10183800,,,,,,$10183800,crowdja01
371,Mikal Bridges,PHO,$20100000,$21700000,$23300000,$24900000,,,$90000000,bridgmi01
372,Chris Paul,PHO,$28400000,$30800000,$30000000,,,,$44200000,paulch01
373,Deandre Ayton,PHO,$30913750,$32459438,$34005126,$35550814,,,$132929128,aytonde01
374,Devin Booker,PHO,$33833400,$36016200,$48877500,$52787700,$56697900,$60608100,$288820800,bookede01
375,Didi Louzada,POR,$268032,$268032,$268032,$268032,$268032,$268032,$1876224,louzama01
376,Isaiah Miller,POR,$1017781,,,,,,,milleis01
377,Jabari Walker,POR,$1017781,$1719864,$2019699,,,,$1417781,walkeja01
378,Eric Bledsoe,POR,$1300000,$1300000,$1300000,,,,$3900000,bledser01
379,Greg Brown III,POR,$1563518,$1836096,,,,,$1563518,browngr01
380,Trendon Watford,POR,$1563518,$1836096,$1988598,,,,$5388212,watfotr01
381,Drew Eubanks,POR,$1836090,,,,,,$1836090,eubandr01
382,Keon Johnson,POR,$2681040,$2808720,$4474291,,,,$2681040,johnske07
383,Andrew Nicholson,POR,$2844430,$2844430,,,,,$5688860,nichoan01
384,Justise Winslow,POR,$4097561,,,,,,$4097561,winslju01
385,Nassir Little,POR,$4171548,,,,,,$4171548,littlna01
386,Shaedon Sharpe,POR,$6012960,$6313800,$6614160,$8399983,,,$12326760,sharpsh01
387,Gary Payton II,POR,$8300000,$8715000,$9130000,,,,$17015000,paytoga02
388,Josh Hart,POR,$12960000,$12960000,,,,,,hartjo01
389,Jusuf Nurkić,POR,$15625000,$16875000,$18125000,$19375000,,,$70000000,nurkiju01
390,Jerami Grant,POR,$20955000,,,,,,$20955000,grantje01
391,Anfernee Simons,POR,$22321429,$24107143,$25892857,$27678571,,,$100000000,simonan01
392,Damian Lillard,POR,$42492492,$45640084,$48787676,$58545211,$63228828,,$195465463,lillada01
393,Sam Merrill,SAC,$1836090,$1997238,,,,,$150000,merrisa01
394,Matthew Dellavedova,SAC,$1836090,,,,,,$250000,dellama01
395,Chimezie Metu,SAC,$1910860,,,,,,$1910860,metuch01
396,Trey Lyles,SAC,$2625000,,,,,,$2625000,lylestr01
397,Alex Len,SAC,$3918600,,,,,,$3918600,lenal01
398,Terence Davis,SAC,$4000000,,,,,,$4000000,daviste02
399,Davion Mitchell,SAC,$4833600,$5063640,$6451077,,,,$4833600,mitchda01
400,Keegan Murray,SAC,$8008440,$8409000,$8809560,$11144093,,,$16417440,murrake02
401,Malik Monk,SAC,$9472219,$9945830,,,,,$19418049,monkma01
402,Richaun Holmes,SAC,$11215260,$12046020,$12876780,,,,$23261280,holmeri01
403,Kevin Huerter,SAC,$14508929,$15669643,$16830357,$17991071,,,$65000000,huertke01
404,Harrison Barnes,SAC,$18352273,,,,,,$18352273,barneha02
405,Domantas Sabonis,SAC,$18500000,$19400000,,,,,$37900000,sabondo01
406,De'Aaron Fox,SAC,$30351780,$32600060,$34848340,$37096620,,,$134896800,foxde01
407,Tre Jones,SAS,$1782621,,,,,,,jonestr01
408,Gorgui Dieng,SAS,$1836090,,,,,,$1836090,dienggo01
409,Keita Bates-Diop,SAS,$1878720,,,,,,,bateske01
410,Isaiah Roby,SAS,$1930681,,,,,,$1930681,robyis01
411,Blake Wesley,SAS,$2385480,$2504640,$2624280,$4726328,,,$4890120,weslebl01
412,Malaki Branham,SAS,$2925600,$3071880,$3217920,$4962033,,,$5997480,branhma01
413,Keldon Johnson,SAS,$3873025,$20000000,$19000000,$17500000,$17500000,,$77873025,johnske04
414,Joshua Primo,SAS,$4144320,$4341600,$5982725,,,,$4144320,primojo01
415,Devin Vassell,SAS,$4437000,$5887899,,,,,$4437000,vassede01
416,Jeremy Sochan,SAS,$5063520,$5316960,$5570040,$7096231,,,$10380480,sochaje01
417,Romeo Langford,SAS,$5634257,,,,,,$5634257,langfro01
418,Zach Collins,SAS,$7350000,$7700000,,,,,$7350000,colliza01
419,Jakob Poeltl,SAS,$9398148,,,,,,$9398148,poeltja01
420,Danilo Gallinari,SAS,$16907880,$6802950,,,,,$10428880,gallida01
421,Josh Richardson,SAS,$12196094,,,,,,$12196094,richajo01
422,Doug McDermott,SAS,$13750000,$13750000,,,,,$27500000,mcderdo01
423,Armoni Brooks,TOR,,,,,,,$50000,brookar01
424,Ish Wainright,TOR,,,,,,,$125000,wainris01
425,Dalano Banton,TOR,$1563518,,,,,,,bantoda01
426,Justin Champagnie,TOR,$1637966,$1927896,,,,,$325000,champju01
427,Juancho Hernangómez,TOR,$1836090,,,,,,$1836090,hernaju01
428,Svi Mykhailiuk,TOR,$1878720,,,,,,$1878720,mykhasv01
429,D.J. Wilson,TOR,$2133278,$2413304,,,,,$250000,wilsodj01
430,Malachi Flynn,TOR,$2145720,$3873025,,,,,$2145720,flynnma01
431,Precious Achiuwa,TOR,$2840160,$4379527,,,,,$2840160,achiupr01
432,Otto Porter Jr.,TOR,$6000000,$6300000,,,,,$6000000,porteot01
433,Khem Birch,TOR,$6667500,$6985000,,,,,$13652500,birchkh01
434,Scottie Barnes,TOR,$7644600,$8008680,$10130980,,,,$7644600,barnesc01
435,Thaddeus Young,TOR,$8000000,$8000000,,,,,$9000000,youngth01
436,Chris Boucher,TOR,$12690000,$11750000,$10810000,,,,$35250000,bouchch01
437,OG Anunoby,TOR,$17357143,$18642857,$19928571,,,,$36000000,anunoog01
438,Gary Trent Jr.,TOR,$17505000,$18785000,,,,,$17505000,trentga02
439,Fred VanVleet,TOR,$21250000,$22824074,,,,,$21250000,vanvlfr01
440,Pascal Siakam,TOR,$35448672,$37893408,,,,,$73342080,siakapa01
441,Jared Butler,UTA,$1563518,,,,,,$1563518,butleja02
442,Saben Lee,UTA,$1752638,$1902137,,,,,$1752638,leesa01
443,Udoka Azubuike,UTA,$2174880,$3923484,,,,,$2174880,azubuud01
444,Stanley Johnson,UTA,$2351521,,,,,,$2351521,johnsst04
445,Leandro Bolmaro,UTA,$2471160,$2588400,$4392515,,,,$2471160,bolmale01
446,Walker Kessler,UTA,$2696400,$2831160,$2965920,$4878938,,,$5527560,kesslwa01
447,Ochai Agbaji,UTA,$3918360,$4114200,$4310280,$6383525,,,$8032560,agbajoc01
448,Jarred Vanderbilt,UTA,$4374000,$4698000,,,,,$4674000,vandeja01
449,Nickeil Alexander-Walker,UTA,$5009633,,,,,,$5009633,alexani01
450,Rudy Gay,UTA,$6184500,$6479000,,,,,$6184500,gayru01
451,Talen Horton-Tucker,UTA,$10260000,$11020000,,,,,$10260000,hortota01
452,Kelly Olynyk,UTA,$12804878,$12195122,,,,,$15804878,olynyke01
453,Jordan Clarkson,UTA,$13340000,$14260000,,,,,$13340000,clarkjo01
454,Malik Beasley,UTA,$15558035,$16524106,,,,,$15558035,beaslma01
455,Lauri Markkanen,UTA,$16475454,$17259999,$18044544,,,,$39735453,markkla01
456,Mike Conley,UTA,$22680000,$24360000,,,,,$37000000,conlemi01
457,Isaiah Todd,WAS,$1575000,$1836096,$1988598,,,,$3411096,toddis01
458,Vernon Carey Jr.,WAS,$1782621,$1930681,,,,,$1782621,careyve01
459,Taj Gibson,WAS,$1836090,,,,,,$1836090,gibsota01
460,Anthony Gill,WAS,$1836090,$1997238,,,,,$3833328,gillan01
461,Daniel Gafford,WAS,$1930681,$12402000,$13394160,$14386320,,,$42113161,gaffoda01
462,Corey Kispert,WAS,$3552840,$3722040,$5705887,,,,$7274880,kispeco01
463,Johnny Davis,WAS,$4810320,$5050800,$5291160,$6746229,,,$9861120,davisjo06
464,Deni Avdija,WAS,$4916160,$6263188,,,,,$11179348,avdijde01
465,Rui Hachimura,WAS,$6263188,,,,,,$6263188,hachiru01
466,Delon Wright,WAS,$7804878,$8195122,,,,,$16000000,wrighde01
467,Monte Morris,WAS,$9125000,$9800926,,,,,$18925926,morrimo01
468,Kyle Kuzma,WAS,$13000000,$13000000,,,,,$13000000,kuzmaky01
469,Will Barton,WAS,$14375000,,,,,,$14375000,bartowi01
470,Kristaps Porziņģis,WAS,$33833400,$36016200,,,,,$33833400,porzikr01
471,Bradley Beal,WAS,$43279250,$46741590,$50203930,$53666270,$57128610,,$193891040,bealbr01